strike,call_gex,put_gex,call_dex,put_dex,net_greek_delta,net_gex
13.5,13467848.457600001,4878349.3188000005,45403405.302600004,-7002211.689000001,0.43274563810012173,8589499.1388
14.0,25146877.653000005,9132862.9716,82543439.772,-23986406.489399996,0.29299135028602324,16014014.681400005
14.5,4591457.8326,213362.4258,7904655.691200001,-566605.2852,0.39455409434972094,4378095.4068
15.0,37330276.312800005,813374.757,100399221.74340002,-2933398.5804,0.3979318089454495,36516901.555800006
15.5,1635439.4982,84697.30619999999,3450209.9760000003,-348724.3122,0.28012752376059596,1550742.192
16.0,10485785.1978,106691.6646,22578758.451,-581905.152,0.27266718077980684,10379093.5332
16.5,350796.02400000003,27120.9528,567891.9108,-181657.94040000002,0.11523682647433178,323675.0712
17.0,10613940.1038,25048.387800000004,22581122.383799996,-197105.55299999999,0.2130272339734481,10588891.716
17.5,637450.1784000001,11797.623000000001,579311.9928,-102161.03040000002,0.04521617032744914,625652.5554000001
